,Наименование,Цена,Вес,Файл,"Цена за, кг."
60,Филе пангасиуса б/ш ,92,1,price_5.csv,92.0
70,Филе пангасиуса б/ш ,287,3,price_7.csv,95.7
75,Филе пангасиуса б/ш ,405,4,price_2.csv,101.2
63,Филе пангасиуса б/ш ,103,1,price_4.csv,103.0
54,Ряпушка вял н/р,119,1,price_3.csv,119.0
19,Килька п/п ,491,4,price_4.csv,122.8
54,Ряпушка вял н/р,492,4,price_2.csv,123.0
24,Килька п/п ,130,1,price_0.csv,130.0
43,Ряпушка вял н/р,133,1,price_5.csv,133.0
62,Филе минтая б/ш б/к,535,4,price_0.csv,133.8
83,Форель х/к пласт (речн. крупная),412,3,price_6.csv,137.3
73,Филе минтая б/ш б/к,139,1,price_2.csv,139.0
27,Килька п/п ,281,2,price_7.csv,140.5
67,Скумбрия х/к с/г,427,3,price_2.csv,142.3
55,Скумбрия х/к с/г,570,4,price_1.csv,142.5
63,Филе минтая б/ш б/к,145,1,price_1.csv,145.0
44,Мойва тушка в масле с чесноком и  укропом,145,1,price_6.csv,145.0
69,Форель х/к пласт (речн. крупная),294,2,price_0.csv,147.0
62,Филе минтая б/ш б/к,147,1,price_4.csv,147.0
78,Форель х/к пласт (речн. крупная),147,1,price_3.csv,147.0
64,Скумбрия х/к с/г,295,2,price_7.csv,147.5
82,Форель х/к пласт (речн. крупная),148,1,price_2.csv,148.0
70,Форель х/к пласт (речн. крупная),150,1,price_4.csv,150.0
66,Скумбрия х/к с/г,454,3,price_6.csv,151.3
47,Мойва тушка в масле с чесноком и  укропом,155,1,price_3.csv,155.0
38,Мойва тушка в масле с чесноком и  укропом,318,2,price_5.csv,159.0
46,Мойва тушка в масле с чесноком и  укропом,318,2,price_2.csv,159.0
20,Килька каспийская,481,3,price_5.csv,160.3
37,Мойва тушка в масле с чесноком и  укропом,161,1,price_4.csv,161.0
66,Скумбрия х/к с/г,323,2,price_3.csv,161.5
61,Сзан,332,2,price_7.csv,166.0
40,Мойва тушка в масле с чесноком и  укропом,339,2,price_0.csv,169.5
56,Скумбрия х/к с/г,172,1,price_0.csv,172.0
24,Килька каспийская,702,4,price_6.csv,175.5
53,Сзан,357,2,price_5.csv,178.5
61,Сзан,361,2,price_6.csv,180.5
49,Окунь,362,2,price_3.csv,181.0
49,Окунь,550,3,price_2.csv,183.3
18,Килька каспийская,370,2,price_4.csv,185.0
23,Килька каспийская,561,3,price_3.csv,187.0
63,Сзан,561,3,price_3.csv,187.0
51,Сельдь т/о с/с,189,1,price_5.csv,189.0
53,Сзан,191,1,price_0.csv,191.0
57,Сельдь т/о с/с,383,2,price_7.csv,191.5
14,Карась потрошенный тушка (б/г,392,2,price_5.csv,196.0
60,Сельдь т/о с/с,793,4,price_3.csv,198.2
41,Минтай б/г,397,2,price_2.csv,198.5
47,Окунь,402,2,price_6.csv,201.0
36,Минтай б/г,201,1,price_0.csv,201.0
38,Окунь,205,1,price_4.csv,205.0
41,Окунь,616,3,price_1.csv,205.3
12,Камбала н/р б/б ,411,2,price_5.csv,205.5
41,Минтай б/г,416,2,price_3.csv,208.0
11,Камбала н/р б/б ,833,4,price_4.csv,208.2
74,Щука без кожи,631,3,price_4.csv,210.3
48,Сазан с кожей,844,4,price_0.csv,211.0
34,Креветки лангустины б/г ,212,1,price_7.csv,212.0
51,Сельдь т/о с/с,427,2,price_0.csv,213.5
41,Окунь,428,2,price_0.csv,214.0
86,Щука без кожи,862,4,price_6.csv,215.5
41,Минтай б/г,217,1,price_7.csv,217.0
39,Минтай б/г,652,3,price_6.csv,217.3
69,Щука без кожи,436,2,price_5.csv,218.0
14,Камбала н/р б/б ,218,1,price_1.csv,218.0
32,Минтай б/г,889,4,price_5.csv,222.2
56,Сазан с кожей,224,1,price_6.csv,224.0
79,Щука без кожи,452,2,price_7.csv,226.0
74,Щука без кожи,904,4,price_1.csv,226.0
31,Креветки лангустины б/г ,461,2,price_2.csv,230.5
75,Щука без кожи,946,4,price_0.csv,236.5
31,Креветки лангустины б/г ,476,2,price_3.csv,238.0
51,Сазан с кожей,242,1,price_7.csv,242.0
55,Сазан с кожей,982,4,price_3.csv,245.5
46,Сазан с кожей,491,2,price_4.csv,245.5
24,Креветки лангустины б/г ,745,3,price_4.csv,248.3
30,Креветки лангустины б/г ,994,4,price_0.csv,248.5
31,Креветки лангустины б/г ,1015,4,price_6.csv,253.8
76,Щука вял н/р,798,3,price_4.csv,266.0
26,Корюшка вял. н/р,798,3,price_3.csv,266.0
20,Корюшка вял. н/р,1077,4,price_4.csv,269.2
39,Пелядь крупная х/к потр,1134,4,price_5.csv,283.5
71,Щука вял н/р,1138,4,price_5.csv,284.5
26,Корюшка вял. н/р,865,3,price_6.csv,288.3
27,Корюшка с/м ,871,3,price_0.csv,290.3
27,Корюшка с/м ,882,3,price_6.csv,294.0
43,Пелядь крупная х/к потр,588,2,price_1.csv,294.0
50,Палтус б/г,593,2,price_6.csv,296.5
75,Щука вял н/р,890,3,price_1.csv,296.7
67,Хек тушка ,891,3,price_5.csv,297.0
73,Щука  вял.кусок,892,3,price_0.csv,297.3
50,Палтус б/г,900,3,price_2.csv,300.0
77,Щука  вял.кусок,902,3,price_7.csv,300.7
29,Корюшка вял. н/р,304,1,price_7.csv,304.0
21,Корюшка с/м ,304,1,price_4.csv,304.0
51,Пелядь крупная х/к потр,609,2,price_2.csv,304.5
65,Скумбрия х\к в\у с/г,1219,4,price_7.csv,304.8
48,Мясо хека (колбаса),616,2,price_3.csv,308.0
48,Мясо хека (колбаса),308,1,price_2.csv,308.0
45,Палтус б/г,931,3,price_7.csv,310.3
26,Корюшка вял. н/р,1242,4,price_0.csv,310.5
30,Корюшка с/м ,934,3,price_7.csv,311.3
27,Корюшка с/м ,934,3,price_2.csv,311.3
72,Хек тушка ,1247,4,price_0.csv,311.8
68,Щука  вял.кусок,630,2,price_5.csv,315.0
80,Хек тушка ,631,2,price_3.csv,315.5
27,Корюшка с/м ,637,2,price_3.csv,318.5
67,Скумбрия х\к в\у с/г,960,3,price_6.csv,320.0
73,Щука  вял.кусок,322,1,price_4.csv,322.0
76,Хек тушка ,968,3,price_7.csv,322.7
51,Пелядь крупная х/к потр,976,3,price_6.csv,325.3
72,Щука  вял.кусок,329,1,price_1.csv,329.0
46,Пелядь крупная х/к потр,329,1,price_7.csv,329.0
46,Мясо хека (колбаса),1323,4,price_6.csv,330.8
81,Щука  вял.кусок,339,1,price_3.csv,339.0
34,Лещ,343,1,price_3.csv,343.0
29,Лещ с/м ,686,2,price_4.csv,343.0
40,Мясо хека (колбаса),691,2,price_1.csv,345.5
5,Горбуша н/р ,693,2,price_0.csv,346.5
67,Скумбрия х\к в\у с/г,701,2,price_3.csv,350.5
1,Брюшки лосося ,702,2,price_5.csv,351.0
72,Хек тушка ,1423,4,price_4.csv,355.8
4,Горбуша н/р ,717,2,price_1.csv,358.5
27,Лещ,718,2,price_5.csv,359.0
68,Скумбрия х\к в\у с/г,1085,3,price_2.csv,361.7
6,Горбуша н/р ,362,1,price_7.csv,362.0
25,Лещ,1451,4,price_1.csv,362.8
1,Брюшки лосося ,364,1,price_7.csv,364.0
27,Лещ,366,1,price_4.csv,366.0
3,Горбуша н/р ,740,2,price_5.csv,370.0
36,Лещ с/м ,373,1,price_3.csv,373.0
28,Лещ с/м ,1119,3,price_1.csv,373.0
34,Лещ с/м ,746,2,price_2.csv,373.0
37,Лещ с/м ,390,1,price_7.csv,390.0
1,Брюшки лосося ,1562,4,price_2.csv,390.5
65,Скумбрия х/к б/г,827,2,price_6.csv,413.5
1,Брюшки лосося ,417,1,price_6.csv,417.0
1,Брюшки лосося ,834,2,price_1.csv,417.0
1,Брюшки лосося ,1668,4,price_3.csv,417.0
22,Кета х\к теша в/у,839,2,price_6.csv,419.5
1,Брюшки лосося ,1264,3,price_0.csv,421.3
15,Камбала х/к б/г,423,1,price_1.csv,423.0
16,Камбала х/к б/г,423,1,price_6.csv,423.0
48,Сельдь атл. с/с,1696,4,price_1.csv,424.0
13,Камбала х/к б/г,1285,3,price_5.csv,428.3
21,Кета х\к теша в/у,858,2,price_3.csv,429.0
69,Форель х/к балык (речн.),879,2,price_4.csv,439.5
70,Форель х/к балык (речн.),1759,4,price_1.csv,439.8
54,Скумбрия х/к б/г,1329,3,price_4.csv,443.0
69,Сом с кожей,886,2,price_6.csv,443.0
57,Сом с кожей,1329,3,price_0.csv,443.0
22,Кета х\к теша в/у,1332,3,price_2.csv,444.0
65,Форель х/к балык (речн.),1333,3,price_5.csv,444.3
68,Форель х/к балык (речн.),1333,3,price_0.csv,444.3
6,Горбуша х/к тушка,452,1,price_1.csv,452.0
77,Форель х/к балык (речн.),1816,4,price_3.csv,454.0
81,Форель х/к балык (речн.),927,2,price_2.csv,463.5
5,Горбуша х/к тушка,1855,4,price_4.csv,463.8
58,Сом с кожей,469,1,price_1.csv,469.0
15,Жерих,469,1,price_7.csv,469.0
66,Скумбрия х/к б/г,472,1,price_2.csv,472.0
14,Камбала х/к б/г,473,1,price_3.csv,473.0
44,Путассу н/р,479,1,price_4.csv,479.0
18,Кета с/с ,1443,3,price_3.csv,481.0
48,Сельдь атл. с/с,970,2,price_5.csv,485.0
69,Сом с кожей,971,2,price_2.csv,485.5
5,Горбуша х/к теша,971,2,price_5.csv,485.5
60,Семга с\с брюшки,1957,4,price_7.csv,489.2
7,Горбуша х/к теша,983,2,price_2.csv,491.5
51,Сельдь х/к т/о,984,2,price_4.csv,492.0
72,Филе минтая н/ш б/к ,493,1,price_3.csv,493.0
60,Судак крупный ,1479,3,price_1.csv,493.0
53,Сельдь атл. с/с,991,2,price_7.csv,495.5
57,Сельдь атл. с/с,1487,3,price_6.csv,495.7
56,Сом с кожей,993,2,price_4.csv,496.5
4,Горбуша х/к теша,1990,4,price_4.csv,497.5
59,Сельдь х/к т/о,996,2,price_7.csv,498.0
13,Жерих,1995,4,price_2.csv,498.8
42,Путассу н/р,1001,2,price_5.csv,500.5
5,Горбуша х/к тушка,2012,4,price_3.csv,503.0
65,Скумбрия н/р с/с,503,1,price_2.csv,503.0
58,Терпуг н/р,504,1,price_0.csv,504.0
14,Кета с/с ,1009,2,price_4.csv,504.5
16,Карп с/м ,1514,3,price_3.csv,504.7
60,Семга с\с брюшки,1011,2,price_6.csv,505.5
19,Карп с/м ,1021,2,price_2.csv,510.5
52,Семга с\с брюшки,511,1,price_4.csv,511.0
74,Филе минтая н/ш б/к ,2046,4,price_2.csv,511.5
18,Карп с/м ,516,1,price_1.csv,516.0
12,Жерих,516,1,price_0.csv,516.0
62,Сельдь х/к т/о,1562,3,price_2.csv,520.7
4,Горбуша б/г ,2088,4,price_6.csv,522.0
52,Семга с\с брюшки,522,1,price_5.csv,522.0
62,Семга с\с брюшки,522,1,price_3.csv,522.0
4,Горбуша с/с ,2089,4,price_3.csv,522.2
63,Филе минтая н/ш б/к ,523,1,price_0.csv,523.0
8,Горбуша х/к тушка,1050,2,price_2.csv,525.0
7,Горбуша х/к теша,528,1,price_6.csv,528.0
53,Семга с\с брюшки,1584,3,price_1.csv,528.0
61,Терпуг н/р,1586,3,price_1.csv,528.7
69,Филе минтая н/ш б/к ,1059,2,price_7.csv,529.5
4,Горбуша б/г ,534,1,price_0.csv,534.0
23,Кета с/с ,1603,3,price_7.csv,534.3
20,Кета с/с ,1069,2,price_6.csv,534.5
71,Судак крупный ,1621,3,price_6.csv,540.3
18,Карась средний,1628,3,price_2.csv,542.7
10,Жерих,2180,4,price_1.csv,545.0
15,Карп с/м ,2183,4,price_5.csv,545.8
63,Скумбрия н/р с/с,1639,3,price_7.csv,546.3
55,Ряпушка с/м,2188,4,price_2.csv,547.0
15,Карась средний,1098,2,price_3.csv,549.0
8,Горбуша х/к теша,2209,4,price_0.csv,552.2
58,Толстолобик с/м,1109,2,price_4.csv,554.5
10,Горбуша х/к филе в/у,557,1,price_0.csv,557.0
18,Карп с/м ,2230,4,price_6.csv,557.5
2,Горбуша б/г ,2239,4,price_5.csv,559.8
55,Ряпушка с/м,560,1,price_6.csv,560.0
69,Толстолобик с/м,1681,3,price_3.csv,560.3
21,Карась средний,2250,4,price_7.csv,562.5
70,Терпуг н/р,1694,3,price_2.csv,564.7
20,Кета с/с ,2280,4,price_0.csv,570.0
64,Скумбрия н/р с/с,1713,3,price_6.csv,571.0
6,Горбуша х/к филе в/у,1143,2,price_5.csv,571.5
35,Лещ с/м ,1144,2,price_6.csv,572.0
17,Карась средний,575,1,price_6.csv,575.0
55,Скумбрия н/р с/с,2310,4,price_0.csv,577.5
10,Горбуша х/к филе в/у,2314,4,price_2.csv,578.5
34,Лещ с/м ,1758,3,price_0.csv,586.0
4,Горбуша с/с ,1173,2,price_5.csv,586.5
76,Филе минтая н/ш б/к ,1179,2,price_6.csv,589.5
65,Скумбрия н/р с/с,1769,3,price_3.csv,589.7
40,Минтай б/г,2363,4,price_3.csv,590.8
37,Лещ с/м ,1779,3,price_3.csv,593.0
8,Горбуша с/с ,2373,4,price_7.csv,593.2
10,Горбуша х/к теша,594,1,price_7.csv,594.0
47,Ряпушка с/м,1190,2,price_0.csv,595.0
54,Скумбрия н/р с/с,1788,3,price_5.csv,596.0
2,Горбуша б/г ,597,1,price_1.csv,597.0
2,Горбуша б/г ,1207,2,price_4.csv,603.5
5,Горбуша с/с ,1818,3,price_2.csv,606.0
4,Горбуша б/г ,2440,4,price_7.csv,610.0
44,Мойва т/о,615,1,price_7.csv,615.0
34,Мойва т/о,615,1,price_4.csv,615.0
17,Карась средний,1231,2,price_1.csv,615.5
56,Сельдь атл. п/п,616,1,price_3.csv,616.0
60,Филе гигантского кальмара ,617,1,price_0.csv,617.0
40,Минтай б/г,2470,4,price_7.csv,617.5
41,Мойва т/о,1867,3,price_6.csv,622.3
32,Минтай б/г,2496,4,price_4.csv,624.0
38,Минтай б/г,1261,2,price_6.csv,630.5
26,Килька тушка с чесноком укропом,2523,4,price_2.csv,630.8
7,Горбуша х/к филе в/у,1902,3,price_3.csv,634.0
74,Щука  вял.потр,1268,2,price_0.csv,634.0
9,Горбуша х/к филе в/у,2537,4,price_6.csv,634.2
18,Карась средний,1906,3,price_0.csv,635.3
34,Мойва вял. н/п,636,1,price_5.csv,636.0
32,Минтай б/г,1912,3,price_1.csv,637.3
59,Филе гигантского кальмара ,639,1,price_4.csv,639.0
73,Филе гигантского кальмара ,639,1,price_6.csv,639.0
58,Сельдь атл. п/п,1919,3,price_2.csv,639.7
8,Горбуша х/к филе в/у,2564,4,price_1.csv,641.0
35,Лещ с/м ,1284,2,price_2.csv,642.0
39,Минтай б/г,644,1,price_2.csv,644.0
36,Мойва т/о,1288,2,price_1.csv,644.0
48,Сельдь атл. п/п,1295,2,price_4.csv,647.5
15,Камбала н/р б/б ,648,1,price_6.csv,648.0
84,Щука  вял.потр,2597,4,price_2.csv,649.2
7,Горбуша х\к спинка в\у,656,1,price_4.csv,656.0
73,Щука  вял.потр,1313,2,price_1.csv,656.5
25,Килька тушка с чесноком укропом,1982,3,price_3.csv,660.7
22,Кета х/к филе,1987,3,price_0.csv,662.3
29,Лещ с/м ,2652,4,price_1.csv,663.0
7,Горбуша х\к спинка в\у,2660,4,price_5.csv,665.0
30,Лещ с/м ,670,1,price_4.csv,670.0
45,Ряпушка с/м,2681,4,price_1.csv,670.2
44,Ряпушка с/м,2681,4,price_5.csv,670.2
17,Кета х/к филе,2683,4,price_5.csv,670.8
12,Горбуша х/к филе в/у,676,1,price_7.csv,676.0
5,Горбуша ПСГ ,2035,3,price_1.csv,678.3
37,Мойва т/о,1361,2,price_5.csv,680.5
62,Филе гигантского кальмара ,683,1,price_1.csv,683.0
4,Горбуша ПСГ ,1373,2,price_2.csv,686.5
25,Кета х/к филе,2061,3,price_7.csv,687.0
11,Камбала н/р б/б ,688,1,price_5.csv,688.0
58,Филе гигантского кальмара ,1381,2,price_5.csv,690.5
13,Горбуша х\к спинка в\у,697,1,price_7.csv,697.0
47,Сайра х/к,2105,3,price_4.csv,701.7
17,Камбала н/р б/б ,2818,4,price_2.csv,704.5
67,Треска б/г,1412,2,price_7.csv,706.0
6,Горбуша ПСГ ,712,1,price_0.csv,712.0
57,Треска б/г,1428,2,price_5.csv,714.0
71,Треска б/г,2142,3,price_2.csv,714.0
78,Щука  вял.потр,717,1,price_7.csv,717.0
33,Минтай б/г,1452,2,price_4.csv,726.0
35,Минтай б/г,2178,3,price_0.csv,726.0
15,Камбала б/г ж/п ,2182,3,price_2.csv,727.3
21,Кета х/к филе,1456,2,price_6.csv,728.0
32,Краснопёрка,2922,4,price_7.csv,730.5
47,Сельдь атл. п/п,1464,2,price_5.csv,732.0
31,Минтай б/г,2940,4,price_5.csv,735.0
25,Килька тушка с чесноком укропом,735,1,price_6.csv,735.0
52,Сайра х/к,1489,2,price_7.csv,744.5
43,Мойва вял. н/п,1496,2,price_3.csv,748.0
29,Краснопёрка,2993,4,price_3.csv,748.2
49,Сельдь олют с/с,3006,4,price_5.csv,751.5
40,Минтай б/г,3010,4,price_2.csv,752.5
6,Горбуша ПСГ ,2264,3,price_6.csv,754.7
59,Треска б/г,3021,4,price_0.csv,755.2
23,Краснопёрка,1514,2,price_5.csv,757.0
33,Минтай б/г,2283,3,price_1.csv,761.0
13,Камбала б/г ж/п ,763,1,price_6.csv,763.0
21,Краснопёрка,766,1,price_1.csv,766.0
20,Кета х/к филе,2306,3,price_3.csv,768.7
19,Камбала н/р б/б ,1539,2,price_7.csv,769.5
7,Горбуша ПСГ ,1543,2,price_7.csv,771.5
38,Мойва вял. н/п,1544,2,price_0.csv,772.0
49,Сельдь олют с/с,1552,2,price_0.csv,776.0
49,Сельдь олют с/с,3104,4,price_4.csv,776.0
57,Сельдь олют с/с,776,1,price_3.csv,776.0
46,Сайра х/к,778,1,price_5.csv,778.0
54,Сельдь олют с/с,784,1,price_7.csv,784.0
16,Камбала н/р б/б ,785,1,price_0.csv,785.0
13,Камбала н/р б/б ,1571,2,price_1.csv,785.5
32,Креветки тигровые б/г ,788,1,price_6.csv,788.0
28,Краснопёрка,1585,2,price_0.csv,792.5
13,Камбала н/р б/б ,793,1,price_3.csv,793.0
72,Форель б/г,1590,2,price_7.csv,795.0
79,Форель б/г,795,1,price_2.csv,795.0
72,Треска б/г,1592,2,price_6.csv,796.0
11,Горбуша х\к теша в\у,1599,2,price_2.csv,799.5
8,Горбуша х\к теша в\у,3199,4,price_3.csv,799.8
59,Сельдь олют с/с,1601,2,price_2.csv,800.5
80,Форель б/г,2440,3,price_6.csv,813.3
28,Килька тушка с аром. копчения,1630,2,price_7.csv,815.0
26,Креветки тигровые б/г ,816,1,price_4.csv,816.0
57,Сайра х/к,1643,2,price_2.csv,821.5
63,Форель б/г,822,1,price_5.csv,822.0
3,Горбуша ПСГ ,2467,3,price_4.csv,822.3
24,Килька тушка с аром. копчения,1650,2,price_3.csv,825.0
26,Креветки тигровые б/г ,1652,2,price_5.csv,826.0
47,Сайра х/к,1660,2,price_1.csv,830.0
3,Вобла с/м пласт,2502,3,price_6.csv,834.0
51,Пикша б/г ,3339,4,price_3.csv,834.8
9,Камбала б/г ж/п ,2505,3,price_4.csv,835.0
33,Креветки тигровые б/г ,2508,3,price_3.csv,836.0
32,Креветки тигровые б/г ,1672,2,price_2.csv,836.0
71,Форель х/к теша (речн.),2509,3,price_1.csv,836.3
49,Окунь вял. н/р,1685,2,price_6.csv,842.5
18,Кефаль с/м ,2532,3,price_5.csv,844.0
8,Горбуша х\к теша в\у,3422,4,price_5.csv,855.5
83,Форель х/к теша (речн.),1713,2,price_2.csv,856.5
16,Карп х/к пласт,857,1,price_5.csv,857.0
13,Карп х/к пласт,1714,2,price_4.csv,857.0
24,Красноперка с/м,1715,2,price_5.csv,857.5
35,Креветки тигровые б/г ,1729,2,price_7.csv,864.5
30,Красноперка с/м,2604,3,price_3.csv,868.0
36,Мойва п/п,1743,2,price_5.csv,871.5
12,Карась,872,1,price_4.csv,872.0
80,Форель с/с кусок,2616,3,price_2.csv,872.0
23,Кефаль с/м ,3489,4,price_2.csv,872.2
28,Краснопёрка,873,1,price_2.csv,873.0
21,Килька тушка с аром. копчения,2629,3,price_5.csv,876.3
18,Камбала б/г ж/п ,3520,4,price_7.csv,880.0
76,Форель с/с кусок,882,1,price_3.csv,882.0
44,Плотва  вял.н/р,2646,3,price_0.csv,882.0
68,Форель с/с кусок,882,1,price_4.csv,882.0
22,Корюшка х/к,883,1,price_5.csv,883.0
71,Филе судака н/ш ,1771,2,price_7.csv,885.5
39,Мойва тушка в масле с аром. копчения,889,1,price_0.csv,889.0
64,Скумбрия атл. с/г,892,1,price_3.csv,892.0
9,Горбуша х\к теша в\у,2678,3,price_1.csv,892.7
67,Форель б/г,895,1,price_1.csv,895.0
66,Форель б/г,3582,4,price_0.csv,895.5
70,Филе горбуши н/ш,3585,4,price_3.csv,896.2
53,Плотва х/к потр,897,1,price_3.csv,897.0
29,Красноперка с/м,2698,3,price_2.csv,899.3
29,Красноперка с/м,3598,4,price_6.csv,899.5
42,Окунь вял. н/р,3598,4,price_1.csv,899.5
14,Горбуша х\к теша в\у,3608,4,price_7.csv,902.0
82,Форель с/с кусок,2711,3,price_6.csv,903.7
77,Филе судака н/ш ,1812,2,price_2.csv,906.0
25,Килька тушка с аром. копчения,2720,3,price_2.csv,906.7
70,Форель х/к теша (речн.),3628,4,price_0.csv,907.0
84,Форель х/к теша (речн.),1814,2,price_6.csv,907.0
19,Карп х/к пласт,1818,2,price_0.csv,909.0
17,Карп х/к пласт,2727,3,price_3.csv,909.0
17,Кефаль с/м ,3639,4,price_4.csv,909.8
64,Филе судака н/ш ,2748,3,price_4.csv,916.0
40,Окунь вял. н/р,2755,3,price_4.csv,918.3
52,Плотва  вял.н/р,2768,3,price_3.csv,922.7
8,Камбала б/г б/б ,925,1,price_4.csv,925.0
16,Карась,927,1,price_1.csv,927.0
3,Вобла с/м пласт,2781,3,price_0.csv,927.0
22,Красноперка с/м,2792,3,price_1.csv,930.7
35,Мойва н/р ,2793,3,price_5.csv,931.0
39,Мойва х/к,933,1,price_1.csv,933.0
10,Зубатка пестрая б/г ,1867,2,price_5.csv,933.5
45,Мойва п/п,2808,3,price_3.csv,936.0
78,Филе судака н/ш ,3746,4,price_6.csv,936.5
46,Путассу  х/к потр,1878,2,price_0.csv,939.0
74,Филе горбуши н/ш,2819,3,price_6.csv,939.7
55,Сом потрошеный,3763,4,price_5.csv,940.8
43,Мойва н/р ,3771,4,price_2.csv,942.8
53,Плотва  вял.н/р,1886,2,price_6.csv,943.0
30,Креветка королевская с/г,1895,2,price_6.csv,947.5
42,Плотва х/к потр,952,1,price_4.csv,952.0
66,Хек тушка ,1905,2,price_5.csv,952.5
71,Хек тушка ,2858,3,price_0.csv,952.7
45,Мойва х/к,3822,4,price_6.csv,955.5
23,Кижуч б/г ,3823,4,price_0.csv,955.8
50,Сельдь т/о п/п,1912,2,price_0.csv,956.0
39,Окунь б/г,3828,4,price_4.csv,957.0
71,Форель х/к теша (речн.),957,1,price_4.csv,957.0
31,Корюшка х/к,958,1,price_7.csv,958.0
62,Скумбрия атл. с/г,3835,4,price_6.csv,958.8
19,Карп х/к пласт,960,1,price_1.csv,960.0
20,Карп х/к пласт,1921,2,price_2.csv,960.5
19,Карп х/к пласт,1921,2,price_6.csv,960.5
2,Вобла,961,1,price_0.csv,961.0
80,Щука без кожи,3848,4,price_7.csv,962.0
41,Плотва  вял.н/р,1926,2,price_4.csv,963.0
3,Вобла с/м пласт,1936,2,price_7.csv,968.0
40,Пелядь с/с,1936,2,price_5.csv,968.0
11,Камбала б/г б/б ,1938,2,price_3.csv,969.0
20,Карась,970,1,price_7.csv,970.0
54,Скумбрия атл. с/г,970,1,price_1.csv,970.0
39,Линь,2928,3,price_3.csv,976.0
63,Скумбрия г/к потр,977,1,price_6.csv,977.0
20,Кижуч б/г ,2932,3,price_1.csv,977.3
44,Мойва н/р ,1955,2,price_3.csv,977.5
2,Вобла с/м пласт,978,1,price_2.csv,978.0
28,Корюшка х/к,979,1,price_3.csv,979.0
16,Зубатка пестрая б/г ,1960,2,price_7.csv,980.0
17,Карась,981,1,price_0.csv,981.0
23,Креветка королевская с/г,3930,4,price_4.csv,982.5
41,Путассу  х/к потр,983,1,price_5.csv,983.0
43,Путассу  х/к потр,2951,3,price_4.csv,983.7
64,Форель с/с кусок,987,1,price_5.csv,987.0
47,Мойва х/к,3953,4,price_2.csv,988.2
37,Мойва тушка в масле с аром. копчения,989,1,price_1.csv,989.0
22,Корюшка х/к,990,1,price_4.csv,990.0
48,Плотва  вял.н/р,3974,4,price_7.csv,993.5
30,Креветка королевская с/г,994,1,price_2.csv,994.0
2,Вобла,1991,2,price_7.csv,995.5
75,Щука без кожи,1992,2,price_4.csv,996.0
66,Сом потрошеный,1993,2,price_7.csv,996.5
25,Килька тушка с аром. копчения,1997,2,price_0.csv,998.5
26,Кижуч б/г ,1997,2,price_7.csv,998.5
23,Кижуч б/г ,3995,4,price_6.csv,998.8
64,Филе сазана ,2998,3,price_1.csv,999.3
37,Линь,1999,2,price_2.csv,999.5
42,Мойва тушка в масле с аром. копчения,3002,3,price_6.csv,1000.7
40,Мойва н/р ,2002,2,price_6.csv,1001.0
12,Камбала б/г б/б ,4007,4,price_1.csv,1001.8
33,Креветка королевская с/г,4022,4,price_7.csv,1005.5
75,Форель с/м н/р ,1009,1,price_3.csv,1009.0
24,Кижуч б/г ,3028,3,price_2.csv,1009.3
2,Вобла с/м пласт,3028,3,price_3.csv,1009.3
28,Корюшка х/к,1011,1,price_6.csv,1011.0
50,Ряпушка х/к  3кг,3034,3,price_7.csv,1011.3
46,Мойва тушка в масле с аром. копчения,2023,2,price_3.csv,1011.5
14,Камбала б/г б/б ,1012,1,price_0.csv,1012.0
22,Карп х/к пласт,3037,3,price_7.csv,1012.3
74,Форель г/к потр,3040,3,price_3.csv,1013.3
50,Окунь б/г,3040,3,price_3.csv,1013.3
29,Креветка королевская с/г,1017,1,price_0.csv,1017.0
49,Путассу  х/к потр,4069,4,price_7.csv,1017.2
55,Сом потрошеный,2038,2,price_4.csv,1019.0
77,Филе сазана ,3065,3,price_6.csv,1021.7
64,Скумбрия г/к потр,4087,4,price_2.csv,1021.8
44,Мойва п/п,3066,3,price_2.csv,1022.0
45,Мойва тушка в масле с аром. копчения,1023,1,price_2.csv,1023.0
46,Ряпушка х/к  3кг,1023,1,price_1.csv,1023.0
66,Филе тилапии б/ш ,2051,2,price_1.csv,1025.5
53,Путассу  х/к потр,1028,1,price_2.csv,1028.0
22,Кижуч б/г ,4124,4,price_3.csv,1031.0
63,Скумбрия атл. с/г,4147,4,price_2.csv,1036.8
14,Зубатка пестрая б/г ,4154,4,price_2.csv,1038.5
54,Путассу  х/к потр,4158,4,price_6.csv,1039.5
73,Щука х/к кусок,2080,2,price_5.csv,1040.0
43,Пелядь с/с,2081,2,price_0.csv,1040.5
19,Кижуч б/г ,1041,1,price_5.csv,1041.0
85,Щука без кожи,4165,4,price_2.csv,1041.2
45,Плотва х/к потр,3124,3,price_0.csv,1041.3
1,Вобла,2084,2,price_4.csv,1042.0
87,Щука с/м средн,4176,4,price_6.csv,1044.0
62,Скумбрия г/к потр,1044,1,price_7.csv,1044.0
12,Камбала б/г б/б ,2090,2,price_6.csv,1045.0
35,Мойва тушка в масле с аром. копчения,1045,1,price_4.csv,1045.0
36,Линь,3139,3,price_6.csv,1046.3
69,Форель с/м н/р ,1047,1,price_1.csv,1047.0
79,Филе тилапии б/ш ,3152,3,price_6.csv,1050.7
52,Плотва х/к потр,4210,4,price_2.csv,1052.5
70,Щука без кожи,3158,3,price_5.csv,1052.7
57,Сом потрошеный,3158,3,price_1.csv,1052.7
68,Сом потрошеный,4211,4,price_6.csv,1052.8
35,Мойва п/п,4217,4,price_1.csv,1054.2
17,Камбала б/г б/б ,2112,2,price_7.csv,1056.0
48,Окунь б/г,4233,4,price_6.csv,1058.2
43,Мойва н/р ,3177,3,price_7.csv,1059.0
60,Филе горбуши н/ш,4240,4,price_4.csv,1060.0
67,Форель с/м н/р ,4240,4,price_4.csv,1060.0
49,Сельдь олют. п/п,4247,4,price_1.csv,1061.8
53,Скумбрия г/к потр,2133,2,price_4.csv,1066.5
68,Филе горбуши н/ш,4284,4,price_7.csv,1071.0
38,Мойва тушка в масле с луком,2143,2,price_1.csv,1071.5
25,Креветки лангустины с/г,2148,2,price_5.csv,1074.0
78,Филе тилапии б/ш ,2151,2,price_2.csv,1075.5
65,Филе тилапии б/ш ,3227,3,price_0.csv,1075.7
66,Форель г/к потр,2153,2,price_4.csv,1076.5
81,Форель г/к потр,2153,2,price_6.csv,1076.5
11,Зубатка пестрая б/г ,4341,4,price_6.csv,1085.2
7,Горбуша х/к филе,3259,3,price_1.csv,1086.3
23,Креветка королевская с/г,2173,2,price_1.csv,1086.5
56,Сом балычный потрошеный,4348,4,price_1.csv,1087.0
60,Сельдь олют. п/п,4351,4,price_2.csv,1087.8
47,Пелядь с/с,1089,1,price_7.csv,1089.0
42,Окунь б/г,1092,1,price_0.csv,1092.0
54,Скумбрия атл. с/г,2185,2,price_0.csv,1092.5
81,Щука с/м средн,1095,1,price_7.csv,1095.0
45,Ряпушка х/к  3кг,3286,3,price_4.csv,1095.3
6,Горбуша х/к филе,3298,3,price_4.csv,1099.3
6,Горбуша х/к спинка,3312,3,price_2.csv,1104.0
59,Филе масляной н/ш ,4422,4,price_5.csv,1105.5
86,Щука с/м средн,3325,3,price_2.csv,1108.3
82,Щука х/к кусок,3326,3,price_7.csv,1108.7
76,Щука без кожи,2218,2,price_0.csv,1109.0
59,Сельдь т/о п/п,1111,1,price_3.csv,1111.0
8,Горбуша х/к филе,2225,2,price_6.csv,1112.5
65,Филе тилапии б/ш ,2226,2,price_4.csv,1113.0
58,Сельдь олют. п/п,4454,4,price_6.csv,1113.5
21,Кета х/к теша,3360,3,price_2.csv,1120.0
43,Мойва тушка в масле с луком,2242,2,price_6.csv,1121.0
36,Мойва тушка в масле с луком,4484,4,price_4.csv,1121.0
77,Язь х/к пласт,3371,3,price_1.csv,1123.7
75,Язь х/к пласт,4495,4,price_5.csv,1123.8
74,Щука х/к филе с насечкой,2251,2,price_5.csv,1125.5
33,Лещ вял. н/р,2254,2,price_6.csv,1127.0
9,Горбуша х/к спинка,4520,4,price_7.csv,1130.0
11,Зубатка пестрая б/г ,1131,1,price_1.csv,1131.0
75,Филе масляной н/ш ,1132,1,price_6.csv,1132.0
2,Вобла,4539,4,price_6.csv,1134.8
50,Сельдь т/о п/п,3405,3,price_4.csv,1135.0
58,Сельдь олют. п/п,1139,1,price_3.csv,1139.0
10,Кальмар тушка ,3420,3,price_3.csv,1140.0
51,Сельдь т/о х/к  в\у,4562,4,price_1.csv,1140.5
79,Хек тушка ,2286,2,price_3.csv,1143.0
56,Сельдь т/о п/п,2294,2,price_7.csv,1147.0
59,Сельдь т/о х/к  в\у,4618,4,price_6.csv,1154.5
75,Хек тушка ,2310,2,price_7.csv,1155.0
85,Хек тушка ,2310,2,price_6.csv,1155.0
9,Густера,4624,4,price_5.csv,1156.0
74,Форель с/м н/р ,3483,3,price_7.csv,1161.0
31,Лещ х/к пласт,3497,3,price_4.csv,1165.7
35,Лещ вял. н/р,3508,3,price_3.csv,1169.3
50,Сельдь т/о п/п,3513,3,price_1.csv,1171.0
16,Кета х/к теша,2352,2,price_4.csv,1176.0
77,Язь х/к пласт,3532,3,price_0.csv,1177.3
38,Лещ х/к пласт,3537,3,price_7.csv,1179.0
56,Ряпушка х/к  3кг,2359,2,price_2.csv,1179.5
45,Ряпушка х/к  3кг,4719,4,price_5.csv,1179.8
68,Сом балычный потрошеный,1182,1,price_3.csv,1182.0
52,Сельдь х/к олюторская,4737,4,price_1.csv,1184.2
10,Густера,3554,3,price_6.csv,1184.7
72,Филе масляной н/ш ,2370,2,price_2.csv,1185.0
44,Пелядь с/с,3557,3,price_1.csv,1185.7
52,Пелядь с/с,4743,4,price_6.csv,1185.8
13,Кальмар тушка ,4756,4,price_0.csv,1189.0
88,Язь х/к пласт,2381,2,price_2.csv,1190.5
55,Сельдь олют. п/п,1191,1,price_7.csv,1191.0
50,Сельдь олют. п/п,4765,4,price_5.csv,1191.2
32,Креветки лангустины с/г,2386,2,price_3.csv,1193.0
34,Лещ вял. потр,3583,3,price_6.csv,1194.3
39,Масляная х/к филе,1197,1,price_7.csv,1197.0
61,Филе масляной н/ш ,4795,4,price_0.csv,1198.8
3,Горбуша г/к кусок,2407,2,price_3.csv,1203.5
31,Креветки лангустины с/г,3619,3,price_0.csv,1206.3
67,Форель с/м н/р ,2423,2,price_0.csv,1211.5
15,Камбала вял б/г,4847,4,price_0.csv,1211.8
71,Филе масляной н/ш ,4848,4,price_3.csv,1212.0
30,Масляная х/к филе,1212,1,price_5.csv,1212.0
68,Форель г/к потр,3648,3,price_1.csv,1216.0
6,Горбуша х/к филе,1217,1,price_3.csv,1217.0
9,Горбуша х/к филе,4869,4,price_2.csv,1217.2
9,Горбуша х/к филе,3652,3,price_0.csv,1217.3
7,Горбуша х/к спинка,2442,2,price_0.csv,1221.0
72,Щука с/м средн,1224,1,price_5.csv,1224.0
52,Сельдь т/о х/к  в\у,4896,4,price_0.csv,1224.0
73,Филе судака н/ш ,3673,3,price_3.csv,1224.3
62,Филе тилапии б/ш ,4903,4,price_5.csv,1225.8
38,Масляная х/к филе,2452,2,price_2.csv,1226.0
31,Масляная х/к филе,4905,4,price_1.csv,1226.2
10,Камбала вял б/г,3679,3,price_4.csv,1226.3
61,Сельдь х/к олюторская,4906,4,price_2.csv,1226.5
15,Кета х/к спинка,4911,4,price_4.csv,1227.8
11,Густера,3684,3,price_0.csv,1228.0
36,Лещ х/к пласт,1232,1,price_2.csv,1232.0
38,Лещ х/к пласт,1232,1,price_3.csv,1232.0
42,Мойва атл. н/р ,2480,2,price_7.csv,1240.0
73,Форель г/к потр,2483,2,price_7.csv,1241.5
21,Кета х/к теша,2492,2,price_0.csv,1246.0
24,Креветки лангустины с/г,1246,1,price_1.csv,1246.0
19,Кета х/к теша,1246,1,price_3.csv,1246.0
25,Креветки лангустины с/г,4985,4,price_4.csv,1246.2
32,Лещ вял. н/р,3762,3,price_0.csv,1254.0
30,Лещ х/к пласт,2519,2,price_1.csv,1259.5
61,Сельдь т/о х/к  в\у,3797,3,price_3.csv,1265.7
34,Мойва атл. н/р ,1269,1,price_1.csv,1269.0
33,Лещ вял. потр,5076,4,price_2.csv,1269.0
11,Горбуша х/к филе,1269,1,price_7.csv,1269.0
24,Кета х/к теша,5096,4,price_7.csv,1274.0
87,Щука х/к филе с насечкой,1276,1,price_2.csv,1276.0
61,Филе масляной н/ш ,2557,2,price_4.csv,1278.5
28,Лещ вял. н/р,1282,1,price_5.csv,1282.0
58,Сельдь х/к олюторская,5132,4,price_7.csv,1283.0
88,Щука х/к филе с насечкой,1290,1,price_6.csv,1290.0
76,Щука х/к филе с насечкой,2581,2,price_1.csv,1290.5
5,Горбуша г/к кусок,5171,4,price_7.csv,1292.8
3,Горбуша г/к кусок,5171,4,price_1.csv,1292.8
16,Камбала вял б/г,3898,3,price_2.csv,1299.3
36,Лещ вял. н/р,5241,4,price_7.csv,1310.2
28,Лещ вял. потр,5255,4,price_4.csv,1313.8
14,Камбала вял б/г,3942,3,price_6.csv,1314.0
61,Филе судака н/ш ,3972,3,price_5.csv,1324.0
37,Масляная х/к филе,2652,2,price_6.csv,1326.0
42,Мойва атл. н/р ,3983,3,price_3.csv,1327.7
77,Щука х/к филе с насечкой,5327,4,price_4.csv,1331.8
64,Филе судака н/ш ,4015,3,price_0.csv,1338.3
37,Мойва атл. н/р ,4026,3,price_0.csv,1342.0
29,Лещ вял. потр,2687,2,price_5.csv,1343.5
82,Щука х/к филе с насечкой,4036,3,price_3.csv,1345.3
83,Щука х/к филе с насечкой,2691,2,price_7.csv,1345.5
3,Горбуша г/к кусок,4056,3,price_2.csv,1352.0
12,Камбала вял б/г,1357,1,price_3.csv,1357.0
27,Лещ вял. потр,4075,3,price_1.csv,1358.3
59,Судак,4081,3,price_1.csv,1360.3
26,Лещ вял. н/р,1366,1,price_1.csv,1366.0
9,Густера,1372,1,price_3.csv,1372.0
65,Филе судака н/ш ,2762,2,price_1.csv,1381.0
76,Филе судака н/ш ,1395,1,price_2.csv,1395.0
42,Мойва атл. н/р ,1400,1,price_2.csv,1400.0
33,Мойва атл. н/р ,4201,3,price_5.csv,1400.3
56,Судак,1405,1,price_5.csv,1405.0
12,Густера,5664,4,price_2.csv,1416.0
33,Лещ вял. потр,1448,1,price_0.csv,1448.0
57,Судак,4350,3,price_4.csv,1450.0
5,Горбуша г/к кусок,2912,2,price_6.csv,1456.0
70,Судак,5860,4,price_6.csv,1465.0
